experiment_name,accuracy,balanced_accuracy,precision_macro,recall_macro,f1_macro,precision_weighted,recall_weighted,f1_weighted,specificity_macro,top_2_accuracy,top_3_accuracy,mcc,cohen_kappa,auc_macro_ovr,inference_total_seconds,inference_ms_per_image,num_parameters
custom_cnn_fine_tuning_aug,0.1786179921773142,0.156329131398181,0.1987978456196117,0.156329131398181,0.1181077704998267,0.3702147732138609,0.1786179921773142,0.1324828464695062,0.8590510678728858,0.3259452411994785,0.4670795306388526,0.0157475656660686,0.0132698874100325,0.572591695508273,18.633877499960363,6.073623696206115,1309415
custom_cnn_fine_tuning_noaug,0.2089308996088657,0.1512383828696819,0.1622496527877384,0.1512383828696819,0.1353340552337263,0.2794961384152123,0.2089308996088657,0.2164864752353209,0.8617568894320516,0.4044980443285528,0.5453063885267275,0.028528243831716,0.0266109373837766,0.5556061796601026,12.24374059960246,3.990788982921272,1309415
custom_cnn_scratch_aug,0.3161668839634941,0.3059592205802398,0.2792817395124898,0.3059592205802398,0.252615539439913,0.4096195904700754,0.3161668839634941,0.323719387997656,0.8824850962701254,0.508148631029987,0.6646023468057366,0.1719229247717055,0.1626114668243091,0.6842718846865392,16.655004700180143,5.428619524178665,1309415
custom_cnn_scratch_noaug,0.5912646675358539,0.5252972799215873,0.4898816599613485,0.5252972799215873,0.4891331822287024,0.6407639523710599,0.5912646675358539,0.6096265656810076,0.9295655276516356,0.7728161668839635,0.863102998696219,0.4805267605702293,0.4776348620337998,0.8612790372921691,18.69433550024405,6.09332969369102,1309415
custom_cnn_transfer_aug,0.3207301173402868,0.3841243220267833,0.3756028070499307,0.3841243220267833,0.3171531316198389,0.5443555269622825,0.3207301173402868,0.3280316772072827,0.8897122544653275,0.4996740547588005,0.644393741851369,0.2306654320662044,0.211511415964345,0.7624740622331798,17.700125999748707,5.769271838249252,1309415
custom_cnn_transfer_noaug,0.2503259452411995,0.2671871142763296,0.2189706694110326,0.2671871142763296,0.203678803741768,0.336132627550371,0.2503259452411995,0.2704334584191066,0.8727143544753015,0.4335071707953064,0.5935462842242504,0.1006507676214166,0.0961096360958709,0.6272653626404916,17.617519200313836,5.742346545082737,1309415
densenet121_fine_tuning_aug,0.7578226857887875,0.723678586582932,0.6592981731438917,0.723678586582932,0.6848174324338322,0.7851778582158403,0.7578226857887875,0.7650350140822223,0.9593253990254232,0.8930899608865711,0.947522816166884,0.6938799423503783,0.6903136650051062,0.9473036330033526,18.98706000018865,6.18874185143046,7218567
densenet121_fine_tuning_noaug,0.6779661016949152,0.5935100470201513,0.5633458445820752,0.5935100470201513,0.5751445738259836,0.6938776380408589,0.6779661016949152,0.6824036394887307,0.9439971097504204,0.8357235984354628,0.9142764015645372,0.5859697378589916,0.58424386766069,0.8918220299641781,17.705823800060898,5.771129009146317,7218567
densenet121_scratch_aug,0.6029986962190352,0.617878383706573,0.534770002832088,0.617878383706573,0.5437574548139618,0.7127087125579868,0.6029986962190352,0.6306501091656577,0.9355766726243656,0.7894393741851369,0.8872229465449805,0.5245865471380928,0.512363415850932,0.909655739012208,17.363354800269008,5.659502868405804,7218567
densenet121_scratch_noaug,0.7011082138200783,0.643815866035865,0.5924888327339913,0.643815866035865,0.610850561202021,0.7293367557623859,0.7011082138200783,0.7114390861789313,0.9489489864507884,0.8679921773142112,0.9390482398956976,0.6175527547431733,0.6158150552218166,0.92064853762931,17.69074649969116,5.766214634840665,7218567
densenet121_transfer_aug,0.4449152542372881,0.4655421326061419,0.3943254006390526,0.4655421326061419,0.3925555194122627,0.5724722579889979,0.4449152542372881,0.4615337756664451,0.9080352326858444,0.6427640156453716,0.7672750977835724,0.3443623332421628,0.3311573690212988,0.8116446042165932,17.55205800011754,5.721009778395548,7218567
densenet121_transfer_noaug,0.4726205997392438,0.4660914249211932,0.4008747521815684,0.4660914249211932,0.3980171376135838,0.57290326290862,0.4726205997392438,0.4953382029943929,0.9113123577081382,0.6613428943937418,0.7894393741851369,0.3606589156360994,0.3514782670496114,0.8222602431880291,18.038802600000054,5.879661864406797,7218567
efficientnetb0_fine_tuning_aug,0.6659061277705346,0.670478297876189,0.579328040350866,0.670478297876189,0.6040895289494135,0.734207093879932,0.6659061277705346,0.6788708777808787,0.9446483580259368,0.833767926988266,0.9051499348109516,0.5924606383327132,0.5829669856046893,0.922747073749263,12.034760000184178,3.922672751037868,4337795
efficientnetb0_fine_tuning_noaug,0.7001303780964798,0.6500586072440625,0.5983826230459593,0.6500586072440625,0.6182810424222965,0.729552836448851,0.7001303780964798,0.7099567621384165,0.9489674932096422,0.8761408083441982,0.9413298565840938,0.6185855278116552,0.6160961707274146,0.9229887350130042,11.268201400060208,3.672816623226925,4337795
efficientnetb0_scratch_aug,0.4667535853976532,0.3493121177704617,0.3518307409130409,0.3493121177704617,0.3253184162056949,0.4655621295605673,0.4667535853976532,0.4432713862514245,0.9038374533175232,0.5945241199478487,0.7310951760104303,0.3093787761519264,0.3023175839669132,0.7361596418255366,11.305436300113795,3.684953161705931,4337795
efficientnetb0_scratch_noaug,0.64374185136897,0.6111233175221024,0.566959638518503,0.6111233175221024,0.5695201104259009,0.7150586258972991,0.64374185136897,0.6686919709435322,0.9406116220292102,0.8393089960886571,0.9159061277705346,0.5569961967123923,0.5502863512690006,0.9066106854457257,11.06104899989441,3.605296284189834,4337795
efficientnetb0_transfer_aug,0.3624511082138201,0.4129312497161234,0.3539506353501814,0.4129312497161234,0.3235836382226749,0.5477637931884098,0.3624511082138201,0.3704192486574073,0.8954504454154977,0.5697522816166884,0.7089308996088657,0.2635599349946482,0.2476006252893117,0.7679937122036921,11.002598800230771,3.586244719762312,4337795
efficientnetb0_transfer_noaug,0.4559973924380704,0.4576837630732376,0.3994451212974924,0.4576837630732376,0.3877334502577053,0.5775971523952852,0.4559973924380704,0.4886258290752512,0.9100064760250278,0.6499348109517601,0.7868318122555411,0.3481762283305381,0.3383147073467534,0.803171930739034,11.471465399954468,3.739069556699631,4337795
mobilenetv2_fine_tuning_aug,0.5961538461538461,0.5865349146462887,0.5171046386052794,0.5865349146462887,0.5339900243346591,0.6731300288614633,0.5961538461538461,0.6103049794683783,0.932214903689608,0.7770534550195567,0.8683181225554107,0.5068676810591211,0.4970210296372718,0.889592706189093,10.770448800176382,3.5105765320001248,2554119
mobilenetv2_fine_tuning_noaug,0.5941981747066493,0.5583650858533168,0.5038060883436871,0.5583650858533168,0.5209256330653265,0.6393525610904481,0.5941981747066493,0.6079714117031114,0.9303871180132964,0.7855280312907431,0.8911342894393742,0.4908030892165078,0.4868545832733826,0.866921433043861,10.831352999899536,3.5304279660689493,2554119
mobilenetv2_scratch_aug,0.6890482398956975,0.6722780044367028,0.5907597293118647,0.6722780044367028,0.6006777527269732,0.7544866957949942,0.6890482398956975,0.7054980097227055,0.9487276348618624,0.8484354628422425,0.9191655801825294,0.6124448137879988,0.606308115639909,0.9302423130541292,11.008195200003684,3.588068839636142,2554119
mobilenetv2_scratch_noaug,0.7213168187744459,0.6469471599964277,0.6234740707120742,0.6469471599964277,0.6309965909240226,0.7452273068357531,0.7213168187744459,0.729989201916133,0.9522568880599966,0.8865710560625815,0.9458930899608866,0.6423931654304367,0.640635182801167,0.9297445520533232,10.91634969972074,3.558132235893331,2554119
mobilenetv2_transfer_aug,0.3911342894393741,0.4223553019733459,0.3512637900643305,0.4223553019733459,0.3417691945628772,0.5290321231109664,0.3911342894393741,0.4148528718017805,0.8997435169999736,0.5948500651890483,0.734354628422425,0.2840737953319375,0.2724699649159599,0.7700848906700817,10.640044300351292,3.468071805851138,2554119
mobilenetv2_transfer_noaug,0.4253585397653194,0.4322454200112866,0.3678682884898875,0.4322454200112866,0.3608906925026317,0.532873519960391,0.4253585397653194,0.4553105819873631,0.904232579570232,0.6277705345501956,0.7646675358539765,0.307826086168214,0.2996054190907131,0.7891707169539534,10.425589899998158,3.3981714146017463,2554119
resnet50_fine_tuning_aug,0.6792698826597132,0.643225189152134,0.5945232281570626,0.643225189152134,0.6068040434647649,0.7329566537259022,0.6792698826597132,0.6879427044113163,0.9459240541891346,0.839960886571056,0.9194915254237288,0.6039988405431983,0.5950128924877465,0.9147736704242666,16.263158899731934,5.300899250238571,24034887
resnet50_fine_tuning_noaug,0.5873533246414603,0.5371213221658285,0.4904286591959802,0.5371213221658285,0.5048233576818101,0.6328150217103934,0.5873533246414603,0.6031640299750168,0.9291336261671804,0.7633637548891786,0.8595176010430248,0.479913845615882,0.4767141030841778,0.8489150622223169,16.247422999702394,5.295770208507951,24034887
resnet50_scratch_aug,0.4491525423728814,0.4543529280691438,0.3937450956697569,0.4543529280691438,0.3721530342942617,0.5948986702311608,0.4491525423728814,0.4809455185904923,0.9115539134962436,0.6271186440677966,0.7750977835723598,0.352959646857224,0.3373609458925458,0.8110730995944427,16.34766810014844,5.328444621951904,24034887
resnet50_scratch_noaug,0.636245110821382,0.5797036668285271,0.5218055632115122,0.5797036668285271,0.53677441219436,0.6729142450985156,0.636245110821382,0.646499628090508,0.9379218745627742,0.8210560625814863,0.9097131681877444,0.5391692306307432,0.5357702486517034,0.8961244019695787,16.37335819983855,5.336818187691835,24034887
resnet50_transfer_aug,0.4005867014341591,0.4332363596154999,0.3708999286179404,0.4332363596154999,0.3585935546523722,0.5517234921973768,0.4005867014341591,0.4160498952295143,0.901184574325228,0.6117992177314211,0.7486962190352021,0.2997230640281031,0.2855620796764417,0.7869376721122362,16.23840310005471,5.292830215141692,24034887
resnet50_transfer_noaug,0.4178617992177314,0.4345763930174395,0.3760853083314475,0.4345763930174395,0.3558152950858418,0.5514507259612155,0.4178617992177314,0.4541963920018414,0.9043282452650708,0.6183181225554107,0.7516297262059974,0.3091390156754151,0.2981458937910908,0.7888740116139713,16.2533809999004,5.297712190319556,24034887
vgg16_fine_tuning_aug,0.758148631029987,0.7273510902404586,0.6529592521060146,0.7273510902404586,0.6805044895323402,0.7940223109951007,0.758148631029987,0.7673373958147501,0.959892780250853,0.9015645371577576,0.9511082138200784,0.6969141079835205,0.6922252000574867,0.9516821300920816,25.95941670006141,8.461348337699286,21139783
vgg16_fine_tuning_noaug,0.7770534550195567,0.69799381999935,0.6900734814949951,0.69799381999935,0.6920464773743514,0.7850752351451366,0.7770534550195567,0.7793796653620726,0.9611614814612224,0.9149282920469362,0.9582790091264668,0.7105078995584945,0.7095589237700684,0.9433436182498914,25.534239200409505,8.322763755022654,21139783
vgg16_transfer_aug,0.5909387222946545,0.589735634703298,0.51323129578194,0.589735634703298,0.5249424310148872,0.6886205829116288,0.5909387222946545,0.6145731531355595,0.9328543699652262,0.7809647979139505,0.8771186440677966,0.5061125149397387,0.4954802296161547,0.8825744180517848,25.668632899876684,8.366568741811175,21139783
vgg16_transfer_noaug,0.6245110821382008,0.5949795876880815,0.5257938822931391,0.5949795876880815,0.5383805526288513,0.6872313918070557,0.6245110821382008,0.644970850757739,0.9368444002752054,0.788787483702738,0.8836375488917861,0.5312038637649076,0.5264398698114823,0.8913816415689206,26.268580300267782,8.56211874193865,21139783
